id,parent,permalink,image_dir,image,title,brand,model,marca,modello,anno,prezzo,forma,bilanciamento,peso,livello,materiale,gomma,superficie,index,content
adidas-metalbone-ctrl,/wiki/racchette/adidas/,/wiki/racchette/adidas/metalbone-ctrl/,/images/wiki/racchette/,adidas-metalbone-ctrl.jpg,Adidas Metalbone Ctrl,Adidas,Metalbone Ctrl,adidas,metalbone ctrl  ,2021,360,diamante oversize,alto,345-360,avanzato,carbonio e alluminio,EVA soft performance,ruvida,19,"La nuova Metalbone arriva anche nella sua versione CTRL, per i giocatori che cercano maggiore manovrabilità e precisione nel loro gioco. La CTRL presenta la stessa fabbricazione della versione power in carbonio e alluminio. Presenti anche le nuove tecnologie del 2021 e i piatti ruvidi con Spin Blade. L’unica differenza la troviamo nel formato, in questo caso rotondo con un bilanciamento medio. Ciò conferisce alla racchetta un punto dolce più ampio ed una maggiore sensazione di maneggevolezza."
adidas-metalbone,/wiki/racchette/adidas/,/wiki/racchette/adidas/metalbone/,/images/wiki/racchette/,adidas-metalbone.jpg,Adidas Metalbone,Adidas,Metalbone,adidas,metalbone,2021,320,rotonda,medio,345-360,avanzato,carbonio e alluminio,EVA soft performance,ruvida,18,"La nuova Metalbone arriva anche nella sua versione CTRL, per i giocatori che cercano maggiore manovrabilità e precisione nel loro gioco. La CTRL presenta la stessa fabbricazione della versione power in carbonio e alluminio. Presenti anche le nuove tecnologie del 2021 e i piatti ruvidi con Spin Blade. L’unica differenza la troviamo nel formato, in questo caso rotondo con un bilanciamento medio. Ciò conferisce alla racchetta un punto dolce più ampio ed una maggiore sensazione di maneggevolezza."
adidas-adipower-3.0,/wiki/racchette/adidas/,/wiki/racchette/adidas/adipower-3.0/,/images/wiki/racchette/,adidas-adipower-3.0.jpg,Adidas Adipower 3.0,Adidas,Adipower 3.0,adidas,adipower 3.0,2021,300,diamante oversize,alto,360-375,avanzato,carbonio,EVA high memory ,liscia,17,Le tecnologie DUAL EXOSKELETON e POWER EMBOSSED RIDGE tireranno fuori il meglio di te nei momenti chiave del gioco e con SPIN BLADE fornisce quell'effetto extra che stavi cercando.
adidas-adipower-ctrl-3.0,/wiki/racchette/adidas/,/wiki/racchette/adidas/adipower-ctrl-3.0/,/images/wiki/racchette/,adidas-adipower-ctrl-3.0.jpg,Adidas Adipower Ctrl 3.0,Adidas,Adipower Ctrl 3.0,adidas,adipower ctrl 3.0,2021,300,rotonda,medio,360-375,avanzato,carbonio,EVA high memory ,liscia,16,"La Adidas Adipower CTRL 3.0 è la versione di controllo, per chi predilige un gioco più comodo e maneggevole. Si tratta della racchetta scelta dal giocatore del World Padel Tour Alex Ruiz per questa nuova stagione 2021. In quanto a materiali e tecnologie è esattamente identica alla versione di potenza. Dispone di una struttura in carbonio, un nucleo EVA High Memory e tutte le altre tecnologie. La differenza risiede nel formato rotondo con bilanciamento medio per ottenere un punto dolce ampio ed una struttura maneggevole e leggera."
adidas-adipower-light-3.0,/wiki/racchette/adidas/,/wiki/racchette/adidas/adipower-light-3.0/,/images/wiki/racchette/,adidas-adipower-light-3.0.jpg,Adidas Adipower Light 3.0,Adidas,Adipower Light 3.0,adidas,adipower light 3.0,2021,250,rotonda,medio,345-360,avanzato,carbonio,EVA Soft energy,liscia,15,"La Adipower Light è un’altra delle racchette più famose e una delle più vendute del 2020. Anche lei arriva alla sua terza versione, riconosciuta per avere una struttura leggera che la rende confortevole e maneggevole. È la racchetta ufficiale di Martita Ortega, una giocatrice che occupa la seconda posizione nella classifica femminile del World Padel Tour. Questa racchetta è molto simile alla versione di controllo, con lo stesso formato e costruzione in carbonio. La differenza, oltre al peso ridotto, risiede in un nucleo Soft Energy più morbido."
adidas-essnova-carbon-3.0,/wiki/racchette/adidas/,/wiki/racchette/adidas/essnova-carbon-3.0/,/images/wiki/racchette/,adidas-essnova-carbon-3.0.jpg,Adidas Essnova Carbon 3.0,Adidas,Essnova Carbon 3.0,adidas,essnova carbon 3.0,2021,205,diamante  ,alto,345-360,intermedio,carbonio 6k,EVA Soft performance,liscia,14,"L’Essnova Carbon 3.0 punta a diventare una delle preferite dai giocatori avanzati. Una racchetta potente con una forma a diamante, alto bilanciamento e struttura 100% in carbonio. In particolare, in questo modello, i piatti sono composti da fibra di carbonio 6K. Un altro aspetto importante è che, nonostante sia una racchetta di potenza, dispone di un nucleo in gomma EVA Soft Performance con un tocco morbido."
adidas-essnova-carbon-ctrl-3.0,/wiki/racchette/adidas/,/wiki/racchette/adidas/essnova-carbon-ctrl-3.0/,/images/wiki/racchette/,adidas-essnova-carbon-ctrl-3.0.jpg,Adidas Essnova Carbon Ctrl 3.0,Adidas,Essnova Carbon Ctrl 3.0,adidas,essnova carbon ctrl 3.0,2021,205,rotonda,medio,345-360,intermedio,carbonio 6k,EVA Soft performance,liscia,13,"La Essnova dispone anch’essa di una versione di controllo, ideale per il giocatore che desidera una maggiore gestibilità del proprio gioco. In termini di componenti e tecnologie, è identica alla Essnova Carbon 3.0. Anche qui troviamo il carbonio 6K sui piatti e il tubolare in carbonio, così come un nucleo morbido ed elastico. L’unica differenza sta nel formato, in questo modello rotondo e con un bilanciamento medio per favorire il gioco di controllo."
adidas-greenpadel,/wiki/racchette/adidas/,/wiki/racchette/adidas/greenpadel/,/images/wiki/racchette/,adidas-greenpadel.jpg,Adidas Greenpadel,Adidas,Greenpadel,adidas,greenpadel,2021,190,rotonda,medio,345-360,intermedio,fibra di lino,EVA Soft performance,liscia,12,"Questa è una tra le racchette più speciali della collezione ed è completamente nuova. L’Adidas Greenpadel è la prima racchetta ecologica della storia. Un modello realizzato con materiali sostenibili a rispetto del medioambiente. È composta da Fibra di Lino, una fibra lavorata a mano, che oltre ad essere resistente è leggera risulta molto morbida. Si tratta di una racchetta di controllo, con un formato rotondo, un bilanciamento medio e una gomma EVA Soft Performance all’interno."
adidas-adipower-lite,/wiki/racchette/adidas/,/wiki/racchette/adidas/adipower-lite/,/images/wiki/racchette/,adidas-adipower-lite.jpg,Adidas Adipower Lite,Adidas,Adipower Lite,adidas,adipower lite,2021,175,diamante,alto,345-360,intermedio,fibra di vetro,EVA soft performance,liscia,11,"La versione Lite di Adipower è perfetta per i giocatori di livello intermedio che cercano di raggiungere il livello successivo. Ci troviamo di fronte una racchetta di potenza, con un formato a diamante ed un alto bilanciamento per imprimere più forza nel colpo. La differenza con l’Adipower professionale è il materiale utilizzato nei piatti. In questo modello è stata utilizzata la fibra di vetro ed un nucleo EVA Soft Performance. Il tocco, quindi, risulterà più morbido e confortevole, ma senza perdere in potenza."
adidas-adipower-control-lite,/wiki/racchette/adidas/,/wiki/racchette/adidas/adipower-control-lite/,/images/wiki/racchette/,adidas-adipower-control-lite.jpg,Adidas Adipower Control Lite,Adidas,Adipower Control Lite,adidas,adipower control lite,2021,175,rotonda,medio,345-360,intermedio,fibra di vetro,EVA soft performance,liscia ,10,"Adipower Lite è disponibile anche nella sua versione di controllo CTRL. Una racchetta da padel che, con il suo formato rotondo e il bilanciamento medio, favorisce un gioco comodo, preciso e con più maneggevolezza. Presenta una struttura 100% in fibra di vetro e un nucleo EVA Soft Performance per colpire comodamente."
adidas-adipower-woman-lite,/wiki/racchette/adidas/,/wiki/racchette/adidas/adipower-woman-lite/,/images/wiki/racchette/,adidas-adipower-woman-lite.jpg,Adidas Adipower Woman Lite,Adidas,Adipower Woman Lite,adidas,adipower woman lite,2021,165,rotonda,basso,340-355,intermedio,fibra di vetro,EVA soft performance,liscia,9,"La Adipower Woman Lite è la versione femminile di queste racchette, per giocatrici di livello intermedio o avanzato alla ricerca di controllo. Presenta un formato rotondo e un bilanciamento basso, oltre a una struttura 100% in fibra di vetro. Inoltre, troviamo anche qui la gomma EVA Soft Performance con un tocco morbido che garantisce un colpo confortevole con più rimbalzo. Una caratteristica esclusiva di questa versione femminile è il suo peso ridotto."
adidas-rx10,/wiki/racchette/adidas/,/wiki/racchette/adidas/rx10/,/images/wiki/racchette/,adidas-rx10.jpg,Adidas Rx10,Adidas,Rx10,adidas,rx10,2021,90,rotonda,medio,345-360,principiante/intermedio,fibra di veto,EVA soft performance,liscia,8,"L’Adidas RX10 è la racchetta da padel che dovresti scegliere se sei approdato da poco ad un livello intermedio. È il modello più maneggevole della serie RX, con un formato rotondo e un bilanciamento medio. Presenta inoltre una costruzione in fibra di vetro e un nucleo in gomma EVA Soft Performance."
adidas-rx20-light,/wiki/racchette/adidas/,/wiki/racchette/adidas/rx20-light/,/images/wiki/racchette/,adidas-rx20-light.jpg,Adidas Rx20 Light,Adidas,Rx20 Light,adidas,rx20 light,2021,110,rotonda,medio,345-360,principiante/intermedio,fibra di vetro,EVA soft performance,liscia,7,"La nuova Adidas RX20 Light è identica alla RX30 per quanto riguarda i materiali con cui sono state realizzate, condividono lo stesso formato e hanno anche le stesse tecnologie. Allora qual è la differenza? Questa racchetta ha una struttura più leggera per ottenere un peso ridotto."
adidas-rx30,/wiki/racchette/adidas/,/wiki/racchette/adidas/rx30/,/images/wiki/racchette/,adidas-rx30.jpg,Adidas Rx30,Adidas,Rx30,adidas,rx30,2021,125,rotonda,medio,345-360,intermedio,fibra di vetro,EVA soft performance,liscia,6,"L’Adidas RX30 è la racchetta della collezione più consigliata per i giocatori di livello intermedio. Presenta un formato rotondo ed un bilanciamento medio per concentrarsi sul controllo. Presenta una struttura in fibra di vetro, sia per il telaio che per i piatti. Questo rende la racchetta un po ‘più leggera e maneggevole, senza perdere resistenza. La caratteristica migliore è che dispone tecnologie strutturali di fascia alta come il Dual Exoskeleton e lo Structural Reinforcement."
adidas-drive-3.0,/wiki/racchette/adidas/,/wiki/racchette/adidas/drive-3.0/,/images/wiki/racchette/,adidas-drive-3.0.jpg,Adidas Drive 3.0,Adidas,Drive 3.0,adidas,drive 3.0,2021,65,rotonda,medio,345-361,principiante ,fibra di vetro,EVA soft,liscia ,5,"La nuova Adidas Drive 3.0 è una racchetta per principianti, ideale per le prime sessioni di allenamento. È dotata di una struttura in fibra di vetro, che copre il telaio e i piatti. Inoltre, il suo formato rotondo e il bilanciamento medio gli conferiscono un punto dolce più ampio e una maggiore sensazione di mobilità. Il suo nucleo è morbido in modo che il colpo sia comodo ed elastico."
adidas-match-3.0,/wiki/racchette/adidas/,/wiki/racchette/adidas/match-3.0/,/images/wiki/racchette/,adidas-match-3.0.jpg,Adidas Match 3.0,Adidas,Match 3.0,adidas,match 3.0,2021,60,rotonda,medio,345-360,principiante,fibra di vetro,EVA soft,liscia,4,"Questa racchetta è ideale per le tue prime partite di padel. A differenza della Drive, questa racchetta ha un formato All Round, che si adatta a diversi stili di gioco. Presenta una struttura 100% in fibra di vetro e un nucleo in gomma EVA Soft Performance."
adidas-match-3.0-light,/wiki/racchette/adidas/,/wiki/racchette/adidas/match-3.0-light/,/images/wiki/racchette/,adidas-match-3.0-light.jpg,Adidas Match 3.0 Light,Adidas,Match 3.0 Light,adidas,match 3.0 light,2021,60,rotonda,medio,340-350,principiante,fibra di vetro,EVA soft,liscia ,3,"Questa racchetta è esattamente la stessa della Match 3.0, ma con una sola differenza. Ha un peso ridotto, una struttura più leggera che la rende più confortevole e maneggevole. Condivide la stessa fabbricazione in fibra di vetro e dispone di un nucleo EVA Soft Performance per un tocco morbido."
adidas-adipower-junior,/wiki/racchette/adidas/,/wiki/racchette/adidas/adipower-junior/,/images/wiki/racchette/,adidas-adipower-junior.jpg,Adidas Adipower Junior,Adidas,Adipower Junior,adidas,adipower junior,2021,65,rotonda,medio,,junior,fibra di vetro,EVA soft performance,liscia,2,"Al contrario, la Adipower Junior 3.0 è una racchetta per ragazzi e ragazze che stanno appena iniziando a praticare questo sport. È perfetta per i primi allenamenti. È dotata di un formato rotondo, bilanciamento medio, costruzione in fibra di vetro e nucleo EVA Soft Performance per enfatizzare il controllo."
adidas-metalbone-junior,/wiki/racchette/adidas/,/wiki/racchette/adidas/metalbone-junior/,/images/wiki/racchette/,adidas-metalbone-junior.jpg,Adidas Metalbone Junior,Adidas,Metalbone Junior,adidas,metalbone junior,2021,100,diamante,medio,,junior,fibra di vetro,EVA soft performance,liscia ,1,"La Metalbone Youth è una versione per giovani giocatori, ispirata alla racchetta di Ale Galán. Questo modello è l’ideale per i giovani che hanno già esperienza in campo. Si tratta di una racchetta focalizzata sull’attacco, con un formato a diamante, una composizione in fibra di vetro e una gomma EVA Soft Performance all’interno. Dispone della nuova tecnologia Octagonal Structure del 2021."
babolat-air-viper-2021,/wiki/racchette/babolat/,/wiki/racchette/babolat/air-viper-2021/,/images/wiki/racchette/,babolat-air-viper-2021.jpg,Babolat Air Viper 2021,Babolat,Air Viper 2021,babolat,air viper 2021,2021,280,diamante,alto,355-365,avanzato,carbonio 12k,EVA-X,ruvida,,"Babolat Air Viper 2021, racchetta dalla grande esplosività, ha una forma a diamante, un bilanciamento alto e un peso moderato e un piatto ruvido, è una racchetta consigliata per i giocatori più tecnici e d’attacco, che hanno un livello di gioco avanzato. Questa racchetta da padel è composta da un telaio 100% carbonio rendendola rigida e potente nei colpi. all'interno, incorpora la gomma X- EVA, materiale che offre grande esplosività nei colpi potenti e comfort nei colpi meno potenti. Inoltre la Babolat Air Viper 2021 incorpora le tecnologie più all'avanguardia sul mercato, come il sistema Vibrasorb e la tecnologia 3D Spin e il sistema di pattern fori. Per quanto riguarda il suo design la racchetta ha un'estetica accattivante e diversa dai modelli precedenti, ha una forma particolare, con il blu navy come protagonista e i dettagli in bianco, rosso e blu. "
babolat-counter-viper-2021,/wiki/racchette/babolat/,/wiki/racchette/babolat/counter-viper-2021/,/images/wiki/racchette/,babolat-counter-viper-2021.jpg,Babolat Counter Viper 2021,Babolat,Counter Viper 2021,babolat,counter viper 2021,2021,280,rotonda,medio,355-365,avanzato,carbonio 12k,EVA-X,ruvida,,"Babolat Counter Viper 2021. Una racchetta rotonda con uno sweet spot largo e un bilanciamento al centro. È un prodotto altamente raccomandato per Padeluppers con una buona esperienza e manegevolezza nei colpi, che ricercano una pala di controllo e spinta. Questa racchetta, interamente in carbonio e carbonio 3K per le facce: un materiale molto resistente e durevole. All'interno, ha la gomma EVA-X, materiale conferisce grande esplosività e allo stesso tempo incorpora la gomma X- EVA, materiale che offre grande esplosività nei colpi potenti e comfort nei colpi meno potenti. Inoltre la Babolat Air Viper 2021 incorpora le tecnologie più all'avanguardia sul mercato, come il sistema Vibrasorb e la tecnologia 3D Spin e il sistema di pattern fori. E infine, per quanto riguarda il suo design, la pala ha un'estetica innovativa, con il blu navy come protagonista e i dettagli nei colori bianco, giallo e verde. "
babolat-technical-viper-2021,/wiki/racchette/babolat/,/wiki/racchette/babolat/technical-viper-2021/,/images/wiki/racchette/,babolat-technical-viper-2021.jpg,Babolat Technical Viper 2021,Babolat,Technical Viper 2021,babolat,technical viper 2021,2021,280,diamante,alto,355-365,avanzato,carbonio 12k,EVA-X,ruvida,,"La marca continua a sorprendere con una nuova collezione, con alcuni miglioramenti che permetteranno di aumentare le prestazioni. La nuova racchetta Babolat Technical Viper 2021 fornisce potenza esplosiva e allo stesso tempo precisione nei colpi di attacco. Ha una forma a diamante, un bilanciamento alto e un peso leggero, una pala che offre una grande potenza in qualsiasi punto della pista. È consigliata per giocatori di attacco e allo stesso tempo tecnici. Questa racchetta da padel, è composta da un telaio in carbonio 12K, rendendola più dura, più resistente e con maggiore potenza nei colpi. D'altra parte, all'interno, incorpora la gomma X- EVA, materiale che offrirà grande esplosività nei colpi potenti, grazie a due strati esterni più rigidi mentre quello interno rimane più morbido per fornisce più tolleranza e comfort nei colpi più lenti. Inoltre, questo Babolat Technical Viper 2021 incorporare le tecnologie più all'avanguardia sul mercato, come il sistema Vibrasorb, che riduce significativamente le forti vibrazioni causate da urti, evitando lesioni fisiche e maggiore comfort."
black-crown-power-genius,/wiki/racchette/black-crown/,/wiki/racchette/black-crown/power-genius/,/images/wiki/racchette/,black-crown-power-genius.jpg,Black Crown Power Genius,Black Crown,Power Genius,black crown,power genius,2021,260,goccia,alto,355-370,avanzato,carbonio 12k,EVA black,ruvida,,
black-crown-genius,/wiki/racchette/black-crown/,/wiki/racchette/black-crown/genius/,/images/wiki/racchette/,black-crown-genius.jpg,Black Crown Genius,Black Crown,Genius,black crown,genius,2021,260,goccia,medio,355-370,avanzato,carbonio 3k,EVA soft,ruvida,,
black-crown-piton-9.0-soft,/wiki/racchette/black-crown/,/wiki/racchette/black-crown/piton-9.0-soft/,/images/wiki/racchette/,black-crown-piton-9.0-soft.jpg,Black Crown Piton 9.0 Soft,Black Crown,Piton 9.0 Soft,black crown,piton 9.0 soft,2021,240,rotonda,medio,355-370,avanzato,carbonio 3k,EVA soft,liscia,,
black-crown-piton-limited,/wiki/racchette/black-crown/,/wiki/racchette/black-crown/piton-limited/,/images/wiki/racchette/,black-crown-piton-limited.jpg,Black Crown Piton Limited,Black Crown,Piton Limited,black crown,piton limited,2021,260,rotonda,medio,355-370,avanzato,carbonio 3k,EVA white,ruvida,,
bullpadel-vertex-03-21,/wiki/racchette/bullpadel/,/wiki/racchette/bullpadel/vertex-03-21/,/images/wiki/racchette/,bullpadel-vertex-03-21.jpg,Bullpadel Vertex 03 21,Bullpadel,Vertex 03 21,bullpadel,vertex 03 21,2021,320,diamante,alto,,avanzato,carbonio 12k,EVA media,ruvida,,
bullpadel-vertex-03-ctr-21,/wiki/racchette/bullpadel/,/wiki/racchette/bullpadel/vertex-03-ctr-21/,/images/wiki/racchette/,bullpadel-vertex-03-ctr-21.jpg,Bullpadel Vertex 03 Ctr 21,Bullpadel,Vertex 03 Ctr 21,bullpadel,vertex 03 ctr 21,2021,275,rotonda,basso,,avanzato,carbonio 12k,Multi EVA,ruvida,,
bullpadel-hack-02-21,/wiki/racchette/bullpadel/,/wiki/racchette/bullpadel/hack-02-21/,/images/wiki/racchette/,bullpadel-hack-02-21.jpg,Bullpadel Hack 02 21,Bullpadel,Hack 02 21,bullpadel,hack 02 21,2021,280,ibrida,medio/alto,365-380,avanzato,carbonio 18k,Multi EVA,liscia,,
bullpadel-hack-ctr-21,/wiki/racchette/bullpadel/,/wiki/racchette/bullpadel/hack-ctr-21/,/images/wiki/racchette/,bullpadel-hack-ctr-21.jpg,Bullpadel Hack Ctr 21,Bullpadel,Hack Ctr 21,bullpadel,hack ctr 21,2021,330,ibrida,basso,365-380,avanzato,carbonio 18k,EVA soft,liscia,,
bullpadel-flow,/wiki/racchette/bullpadel/,/wiki/racchette/bullpadel/flow/,/images/wiki/racchette/,bullpadel-flow.jpg,Bullpadel Flow,Bullpadel,Flow,bullpadel,flow,2021,235,lacrima,medio,,avanzato donna,carbonio,EVA soft,liscia,,
bullpadel-vertex-3-woman-21,/wiki/racchette/bullpadel/,/wiki/racchette/bullpadel/vertex-3-woman-21/,/images/wiki/racchette/,bullpadel-vertex-3-woman-21.jpg,Bullpadel Vertex 3 Woman 21,Bullpadel,Vertex 3 Woman 21,bullpadel,vertex 3 woman 21,2021,195,diamante,medio/alto,,avanzato donna,fibra di vetro,EVA,liscia,,
bullpadel-hack-comfort-21,/wiki/racchette/bullpadel/,/wiki/racchette/bullpadel/hack-comfort-21/,/images/wiki/racchette/,bullpadel-hack-comfort-21.jpg,Bullpadel Hack Comfort 21,Bullpadel,Hack Comfort 21,bullpadel,hack comfort 21,2021,190,diamante,alto,,avanzato,carbonio e fibra di vetro,EVA,liscia,,
bullpadel-wing-21,/wiki/racchette/bullpadel/,/wiki/racchette/bullpadel/wing-21/,/images/wiki/racchette/,bullpadel-wing-21.jpg,Bullpadel Wing 21,Bullpadel,Wing 21,bullpadel,wing 21,2021,140,goccia,medio,,intermedio,carbonio,EVA,liscia,,
bullpadel-vertex-03-comfort-21,/wiki/racchette/bullpadel/,/wiki/racchette/bullpadel/vertex-03-comfort-21/,/images/wiki/racchette/,bullpadel-vertex-03-comfort-21.jpg,Bullpadel Vertex 03 Comfort 21,Bullpadel,Vertex 03 Comfort 21,bullpadel,vertex 03 comfort 21,2021,190,diamante,alto,,avanzato,carbonio e fibra di vetro,EVA,liscia,,
bullpadel-k3,/wiki/racchette/bullpadel/,/wiki/racchette/bullpadel/k3/,/images/wiki/racchette/,bullpadel-k3.jpg,Bullpadel K3,Bullpadel,K3,bullpadel,k3,2021,,rotonda,medio,,intermedio,carbonio,EVA,liscia,,
bullpadel-k3-woman,/wiki/racchette/bullpadel/,/wiki/racchette/bullpadel/k3-woman/,/images/wiki/racchette/,bullpadel-k3-woman.jpg,Bullpadel K3 Woman,Bullpadel,K3 Woman,bullpadel,k3 woman,2021,,rotonda,medio,,intermedio,carbonio,EVA,liscia,,
bullpadel-k2-power,/wiki/racchette/bullpadel/,/wiki/racchette/bullpadel/k2-power/,/images/wiki/racchette/,bullpadel-k2-power.jpg,Bullpadel K2 Power,Bullpadel,K2 Power,bullpadel,k2 power,2021,,diamante,alto,,intermedio,carbonio e fibra di vetro,EVA,liscia,,
bullpadel-flow-light,/wiki/racchette/bullpadel/,/wiki/racchette/bullpadel/flow-light/,/images/wiki/racchette/,bullpadel-flow-light.jpg,Bullpadel Flow Light,Bullpadel,Flow Light,bullpadel,flow light,2021,,goccia,medio,,intermedio,carbonio,EVA soft,liscia,,
bullpadel-bp10-evo,/wiki/racchette/bullpadel/,/wiki/racchette/bullpadel/bp10-evo/,/images/wiki/racchette/,bullpadel-bp10-evo.jpg,Bullpadel Bp10 Evo,Bullpadel,Bp10 Evo,bullpadel,BP10 evo,2021,,goccia,medio,,intermedio,carbonio e fibra di vetro,EVA soft,liscia,,
bullpadel-libra,/wiki/racchette/bullpadel/,/wiki/racchette/bullpadel/libra/,/images/wiki/racchette/,bullpadel-libra.jpg,Bullpadel Libra,Bullpadel,Libra,bullpadel,libra,2021,,rotonda,basso,,principiante donna,carbonio e fibra di vetro,EVA-lastic,liscia,,
bullpadel-shake,/wiki/racchette/bullpadel/,/wiki/racchette/bullpadel/shake/,/images/wiki/racchette/,bullpadel-shake.jpg,Bullpadel Shake,Bullpadel,Shake,bullpadel,shake,2021,,rotonda,basso,,principiante,carbonio e fibra di vetro,EVA-lastic,liscia,,
dropshot-conqueror-9.0,/wiki/racchette/dropshot/,/wiki/racchette/dropshot/conqueror-9.0/,/images/wiki/racchette/,dropshot-conqueror-9.0.jpg,Dropshot Conqueror 9.0,Dropshot,Conqueror 9.0,dropshot,conqueror 9.0,2021,340,goccia,,,avanzato,carbonio 24k,EVA tech,ruvida,,"racchetta disegnata con la stretta collaborazione del campione Juan Martin Diaz è interamente costruita in carbonio 24K per un impatto rapido e ottimale. La forma a diamante è riempita da gomma EVA Tech con elasticità adattabile al tipo di gioco individuale. Incorpora le tecnologie Twin Tubolar System, protettore di nylon in testa e un sistema di antivibrazioni incorporato e un sistema avanzato di disposizione dei buchi sulla faccia della racchetta."
dropshot-conqueror-9.0-soft,/wiki/racchette/dropshot/,/wiki/racchette/dropshot/conqueror-9.0-soft/,/images/wiki/racchette/,dropshot-conqueror-9.0-soft.jpg,Dropshot Conqueror 9.0 Soft,Dropshot,Conqueror 9.0 Soft,dropshot,conqueror 9.0 soft,2021,260,goccia,,,avanzato,carbonio 24k,EVA soft,ruvida,,"Molto simile al modello Conqueror 9.0 da cui prende il nome, con la differenza della tipologia di gomma utilizzata, qui troviamo una EVA soft. Anche questo modello incorpora le tecnologie Twin Tubolar System, un protettore di nylon in testa e un sistema di antivibrazioni e un sistema avanzato di disposizione dei buchi sulla faccia della racchetta."
dropshot-legend-2.0,/wiki/racchette/dropshot/,/wiki/racchette/dropshot/legend-2.0/,/images/wiki/racchette/,dropshot-legend-2.0.jpg,Dropshot Legend 2.0,Dropshot,Legend 2.0,dropshot,legend 2.0,2021,240,rotonda oversize,,,esperto,carbonio 24k,EVA pro,ruvida,,"racchetta dalla forma rotonda oversize costruita interamente in carbonio 24k è riempita di gomma Eva Pro per garantire un’uscita rapida del colpo. Come gli altri modelli della collezione incorpora le tecnologie Twin Tubolar System, un protettore di nylon in testa e un sistema di antivibrazioni e un sistema avanzato di disposizione dei buchi sulla faccia della racchetta."
dropshot-heritage-2.0,/wiki/racchette/dropshot/,/wiki/racchette/dropshot/heritage-2.0/,/images/wiki/racchette/,dropshot-heritage-2.0.jpg,Dropshot Heritage 2.0,Dropshot,Heritage 2.0,dropshot,heritage 2.0,2021,240,goccia,,,esperto,carbonio 24k,EVA pro,ruvida,,"racchetta dalla forma rotonda oversize costruita interamente in carbonio 24k è riempita di gomma Eva Pro per garantire un’uscita rapida del colpo. Come gli altri modelli della collezione incorpora le tecnologie Twin Tubolar System, un protettore di nylon in testa e un sistema di antivibrazioni e un sistema avanzato di disposizione dei buchi sulla faccia della racchetta."
dropshot-premium-1.0,/wiki/racchette/dropshot/,/wiki/racchette/dropshot/premium-1.0/,/images/wiki/racchette/,dropshot-premium-1.0.jpg,Dropshot Premium 1.0,Dropshot,Premium 1.0,dropshot,premium 1.0,2021,240,rotonda oversize,,,esperto,carbonio 24k,EVA pro,ruvida,,"forma tonda oversize per questo modello di alta gamma, interamente in carbonio 24k è una racchetta per giocatori che ricercano il controllo del colpo, ha un composizione interna in gomma EVA Pro. Anche questo modello, come gli altri della nuova collezione, incorpora le tecnologie Twin Tubolar System, un protettore di nylon in testa e un sistema di antivibrazioni e un sistema avanzato di disposizione dei buchi sulla faccia della racchetta."
dropshot-x-celerator,/wiki/racchette/dropshot/,/wiki/racchette/dropshot/x-celerator/,/images/wiki/racchette/,dropshot-x-celerator.jpg,Dropshot X-Celerator,Dropshot,X-Celerator,dropshot,x-celerator,2021,240,goccia,,,esperto,carbonio 24k,EVA tech,ruvida,,"Racchetta di spinta per la sua forma a goccia composta di carbonio 24k, internamente troviamo un gomma Eva Tech, più rigida della Pro senza perdere troppo controllo, incorpora le tecnologie Twin Tubolar System, un protettore di nylon in testa e un sistema di antivibrazioni come i modelli precedenti e un sistema avanzato di disposizione dei buchi sulla faccia della racchetta."
dropshot-osaka-1.0,/wiki/racchette/dropshot/,/wiki/racchette/dropshot/osaka-1.0/,/images/wiki/racchette/,dropshot-osaka-1.0.jpg,Dropshot Osaka 1.0,Dropshot,Osaka 1.0,dropshot,osaka 1.0,2021,230,rotoda,,,esperto,carbonio 24k,EVA pro,ruvida,,"peculiare di questa racchetta è il cuore, ideato per assorbire il maggior numero di vibrazioni possibili. Ha una forma tonda che ne conferisce controllo e una superficie ruvida ideale per i colpi carichi di effetto è costruita con carbonio e fibra di cristalli in poliestere. In essa sono presenti le tecnologie Twin Tubolar System, un protettore di nylon in testa e un sistema di antivibrazioni e un sistema avanzato di disposizione dei buchi sulla faccia della racchetta."
dropshot-essence,/wiki/racchette/dropshot/,/wiki/racchette/dropshot/essence/,/images/wiki/racchette/,dropshot-essence.jpg,Dropshot Essence,Dropshot,Essence,dropshot,essence,2021,230,goccia,,,esperto,carbonio 24k,EVA pro,ruvida,,"Racchetta dall’elegante design e colorazione ha un piatto ruvido, la forma a goccia e, oltre al consueto carbonio 24k, una nuova fibra di cristalli in poliestere rendono la racchetta molto resistente a colpi potenti ed usi prolungati. incorpora le tecnologie Twin Tubolar System e un sistema di antivibrazioni e un sistema avanzato di disposizione dei buchi sulla faccia della racchetta."
dropshot-power-1.0,/wiki/racchette/dropshot/,/wiki/racchette/dropshot/power-1.0/,/images/wiki/racchette/,dropshot-power-1.0.jpg,Dropshot Power 1.0,Dropshot,Power 1.0,dropshot,power 1.0,2021,230,ibrida,,,avanzato,carbonio 24k,EVA soft,ruvida,,"modella della linea di potenza sviluppata dal brand spagnolo, ha una forma ibrida e una superficie ruvida, costruita interamente in carbonio al suo interno ha una gomma EVA soft. Incorpora le tecnologie di Twin Tubolar System e un antivibrazione integrato e un sistema avanzato di disposizione dei buchi sulla faccia della racchetta."
dropshot-imperium-1.0,/wiki/racchette/dropshot/,/wiki/racchette/dropshot/imperium-1.0/,/images/wiki/racchette/,dropshot-imperium-1.0.jpg,Dropshot Imperium 1.0,Dropshot,Imperium 1.0,dropshot,imperium 1.0,2021,230,rotonda oversize,,,esperto,carbonio 24k,EVA soft,ruvida,,"racchetta dalla forma rotonda oversize ha un punto di impatto ottimale ampio, la superficie è ruvida ed è costruita con carbonio e fibra di cristalli in poliestere. In essa sono presenti le tecnologie Twin Tubolar System, un protettore di nylon in testa e un sistema di antivibrazioni e un sistema avanzato di disposizione dei buchi sulla faccia della racchetta."
dropshot-yukon-pro,/wiki/racchette/dropshot/,/wiki/racchette/dropshot/yukon-pro/,/images/wiki/racchette/,dropshot-yukon-pro.jpg,Dropshot Yukon Pro,Dropshot,Yukon Pro,dropshot,yukon pro,2021,230,goccia,,,esperto,carbonio 24k,EVA soft,ruvida,,"versione più morbida del modello Essence ha la stessa forma a goccia, materiali in carbonio e poliestere, superficie ruvida ma con la gomma Eva soft. Come gli altri modelli della collezione incorpora le tecnologie Twin Tubolar System, un protettore di nylon in testa e un sistema di antivibrazioni e un sistema avanzato di disposizione dei buchi sulla faccia della racchetta."
dropshot-explorer-pro-3.0,/wiki/racchette/dropshot/,/wiki/racchette/dropshot/explorer-pro-3.0/,/images/wiki/racchette/,dropshot-explorer-pro-3.0.jpg,Dropshot Explorer Pro 3.0,Dropshot,Explorer Pro 3.0,dropshot,explorer pro 3.0,2021,210,rotonda,,,intermedio,carbonio 12k,EVA tech e soft,ruvida,,"racchetta rotonda indicata per giocatori di controllo, è costruita in carbonio 12k e riempita con gomma EVA Tech ed ha un piatto ruvido. Anch’essa incorpora le tecnologie Twin Tubolar System, un protettore di nylon in testa e un sistema di antivibrazioni e un sistema avanzato di disposizione dei buchi sulla faccia della racchetta."
dropshot-explorer-pro-soft,/wiki/racchette/dropshot/,/wiki/racchette/dropshot/explorer-pro-soft/,/images/wiki/racchette/,dropshot-explorer-pro-soft.jpg,Dropshot Explorer Pro Soft,Dropshot,Explorer Pro Soft,dropshot,explorer pro soft,2021,210,rotonda,,,intermedio,carbonio 12k,EVA soft,liscia,,"molto simile al modello explorer pro ha la stoffa forma rotonda e il carbonio 12k con la differenza della gomma EVA Soft. Incorpora le tecnologie Twin Tubolar System, un protettore di nylon in testa e un sistema di antivibrazioni e un sistema avanzato di disposizione dei buchi sulla faccia della racchetta."
dropshot-delta-1.0,/wiki/racchette/dropshot/,/wiki/racchette/dropshot/delta-1.0/,/images/wiki/racchette/,dropshot-delta-1.0.jpg,Dropshot Delta 1.0,Dropshot,Delta 1.0,dropshot,delta 1.0,2021,170,rotonda oversize,,,intermedio,carbonio 3k,EVA soft,ruvida,,"rispetto al modello Delta dell’anno passato ha un protettore di urti in testa e ricerca le prestazioni di una racchetta top di gamma, grazie al suo carbonio 3k e alla gomma EVA Soft, inoltre è presente la tecnologia Twin Tubolar System e un sistema avanzato di disposizione dei buchi sulla faccia della racchetta."
dropshot-allegra,/wiki/racchette/dropshot/,/wiki/racchette/dropshot/allegra/,/images/wiki/racchette/,dropshot-allegra.jpg,Dropshot Allegra,Dropshot,Allegra,dropshot,allegra,2021,170,goccia,,,intermedio post-infortunio,carbonio 3k,EVA pro,liscia,,"racchetta dalla forma a goccia ideale per giocatori che hanno sofferto di problemi al braccio quali epicondilite o altri infortuni, grazie ad uno strato di sughero situato tra il carbonio e la gomma EVA riduce al massimo le vibrazioni. ha un sistema di antivibrazioni e la tecnologia Twin Tubolar System e un sistema avanzato di disposizione dei buchi sulla faccia della racchetta."
dropshot-cristal-2.0,/wiki/racchette/dropshot/,/wiki/racchette/dropshot/cristal-2.0/,/images/wiki/racchette/,dropshot-cristal-2.0.jpg,Dropshot Cristal 2.0,Dropshot,Cristal 2.0,dropshot,cristal 2.0,2021,170,goccia,,,intermedio,carbonio 3k,EVA soft,liscia,,"Racchetta molto leggera, costruita con un carbonio 3k ha al suo interno una gomma EVA Soft, il piatto è ruvido e la forma è a goccia. Incorpora le tecnologie Twin Tubolar System, un protettore di nylon in testa e un sistema di antivibrazioni e un sistema avanzato di disposizione dei buchi sulla faccia della racchetta."
dropshot-taipan,/wiki/racchette/dropshot/,/wiki/racchette/dropshot/taipan/,/images/wiki/racchette/,dropshot-taipan.jpg,Dropshot Taipan,Dropshot,Taipan,dropshot,taipan,2021,170,goccia,,,intermedio,carbonio 3k,EVA pro,liscia,,"modello simile alla conqueror 6.0, quindi forma a goccia e bilanciamento alto, ideale per giocatori di attacco alla ricerca di colpi potenti e di chiusura, è costruita in carbonio 3k e al suo interno ha una gomma EVA Soft. Incorpora le tecnologie Twin Tubolar System, un protettore di nylon in testa e un sistema di antivibrazioni e un sistema avanzato di disposizione dei buchi sulla faccia della racchetta."
dropshot-explorer-4.0,/wiki/racchette/dropshot/,/wiki/racchette/dropshot/explorer-4.0/,/images/wiki/racchette/,dropshot-explorer-4.0.jpg,Dropshot Explorer 4.0,Dropshot,Explorer 4.0,dropshot,explorer 4.0,2021,170,goccia,,,intermedio,carbonio 3k,EVA pro,ruvida,,"simile ai modelli explorer degli anni passati questa racchetta dalla forma a goccia e dal piatto ruvido è ideale per giocatori intermedi, che intendono sviluppare un gioco offensivo, senza rinunciare a una gomma EVA Pro. Al suo interno ha un sistema di antivibrazione e il Twin Tubolar System e un sistema avanzato di disposizione dei buchi sulla faccia della racchetta."
dropshot-sakura-3.0,/wiki/racchette/dropshot/,/wiki/racchette/dropshot/sakura-3.0/,/images/wiki/racchette/,dropshot-sakura-3.0.jpg,Dropshot Sakura 3.0,Dropshot,Sakura 3.0,dropshot,sakura 3.0,2021,80,goccia,,,principiante/intermedio,fibra di vetro,EVA soft,liscia,,"racchetta dalla forma a goccia ma con un ampio punto di impatto ottimale è adatta ai giocatori di livello principiante/intermedio, è costruita in fibra di vetro e al suo interno ha una gomma EVA Soft. Incorpora la tecnologia di antivibrazioni e un sistema avanzato di disposizione dei buchi sulla faccia della racchetta."
dropshot-kibo-2.0,/wiki/racchette/dropshot/,/wiki/racchette/dropshot/kibo-2.0/,/images/wiki/racchette/,dropshot-kibo-2.0.jpg,Dropshot Kibo 2.0,Dropshot,Kibo 2.0,dropshot,kibo 2.0,2021,70,rotonda,,,principiante,fibra di vetro,EVA,liscia,,"racchetta tonda dal punto di impatto ottimale molto ampio, ideale per giocatori di livello principiante o alle prime armi con questo sport, è costruita in fibra di vetro e al suo interno ha una gomma Full EVA. Incorpora la tecnologia di antivibrazioni e un sistema avanzato di disposizione dei buchi sulla faccia della racchetta."
dropshot-conqueror-9.0-jr,/wiki/racchette/dropshot/,/wiki/racchette/dropshot/conqueror-9.0-jr/,/images/wiki/racchette/,dropshot-conqueror-9.0-jr.jpg,Dropshot Conqueror 9.0 Jr,Dropshot,Conqueror 9.0 Jr,dropshot,conqueror 9.0 jr,2021,62,goccia,,,junior,fibra di vetro,EVA soft,liscia,,"versione da bambino/ragazzo del modello top di casa della marca, la pala di Juan Martin Diaz, adatta anche alle donne per il suo peso ridotto ma anche per il suo look da top di gamma. È costruita in fibra di vetro con una gomma EVA Soft e Incorpora la tecnologia di antivibrazioni e un sistema avanzato di disposizione dei buchi sulla faccia della racchetta."
dropshot-tiger-1.0,/wiki/racchette/dropshot/,/wiki/racchette/dropshot/tiger-1.0/,/images/wiki/racchette/,dropshot-tiger-1.0.jpg,Dropshot Tiger 1.0,Dropshot,Tiger 1.0,dropshot,tiger 1.0,2021,55,rotonda,,,baby,fibra di vetro,full EVA,liscia,,"acchetta raccomandata per i bambini fino ai 9 anni, ha una forma rotonda, è costruita in fibra di vetro e ha al suo interno una gomma Full EVA."
head-graphene-alpha-pro,/wiki/racchette/head/,/wiki/racchette/head/graphene-alpha-pro/,/images/wiki/racchette/,head-graphene-alpha-pro.jpg,Head Graphene Alpha Pro,Head,Graphene Alpha Pro,head,Graphene Alpha pro,2021,290,diamante,alto,,avanzato,grafene,Power Foam,liscia,,
head-graphene-apha-motion,/wiki/racchette/head/,/wiki/racchette/head/graphene-apha-motion/,/images/wiki/racchette/,head-graphene-apha-motion.jpg,Head Graphene Apha Motion,Head,Graphene Apha Motion,head,graphene apha motion,2021,240,diamante,medio,,avanzato,grafene,Power Foam,liscia,,
head-graphene-alpha-elite,/wiki/racchette/head/,/wiki/racchette/head/graphene-alpha-elite/,/images/wiki/racchette/,head-graphene-alpha-elite.jpg,Head Graphene Alpha Elite,Head,Graphene Alpha Elite,head,graphene alpha elite,2021,200,diamante,medio,,intermedio/avanzato,grafene,Power Foam,liscia,,
head-delta-hybrid,/wiki/racchette/head/,/wiki/racchette/head/delta-hybrid/,/images/wiki/racchette/,head-delta-hybrid.jpg,Head Delta Hybrid,Head,Delta Hybrid,head,delta hybrid,2021,300,ibrida,,,avanzato,grafene,Power Foam,ruvida,,
head-delta-motion,/wiki/racchette/head/,/wiki/racchette/head/delta-motion/,/images/wiki/racchette/,head-delta-motion.jpg,Head Delta Motion,Head,Delta Motion,head,delta motion,2021,220,ibrida ,,,avanzato,grafene,Power Foam,ruvida,,
head-delta-elite,/wiki/racchette/head/,/wiki/racchette/head/delta-elite/,/images/wiki/racchette/,head-delta-elite.jpg,Head Delta Elite,Head,Delta Elite,head,delta elite,2021,200,ibrida,,,intermedio/avanzato,grafene,Power Foam,ruvida,,
head-gamma-pro,/wiki/racchette/head/,/wiki/racchette/head/gamma-pro/,/images/wiki/racchette/,head-gamma-pro.jpg,Head Gamma Pro,Head,Gamma Pro,head,gamma pro,2021,210,ibrida,,,avanzato/avanzato,grafene,Power Foam,liscia,,
head-gamma-motion,/wiki/racchette/head/,/wiki/racchette/head/gamma-motion/,/images/wiki/racchette/,head-gamma-motion.jpg,Head Gamma Motion,Head,Gamma Motion,head,gamma motion,2021,190,ibrida,,,intermedio/avanzato,grafene,Power Foam,liscia,,
head-graphene-zephyr,/wiki/racchette/head/,/wiki/racchette/head/graphene-zephyr/,/images/wiki/racchette/,head-graphene-zephyr.jpg,Head Graphene Zephyr,Head,Graphene Zephyr,head,graphene zephyr ,2021,170,goccia,,,intermedio/avanzato,grafene,comfort foam,liscia,,
head-graphene-zephyr-pro,/wiki/racchette/head/,/wiki/racchette/head/graphene-zephyr-pro/,/images/wiki/racchette/,head-graphene-zephyr-pro.jpg,Head Graphene Zephyr Pro,Head,Graphene Zephyr Pro,head,graphene zephyr pro,2021,190,goccia,,,avanzato,grafene,comfort foam,liscia,,
head-graphene-zephyr-ul,/wiki/racchette/head/,/wiki/racchette/head/graphene-zephyr-ul/,/images/wiki/racchette/,head-graphene-zephyr-ul.jpg,Head Graphene Zephyr Ul,Head,Graphene Zephyr Ul,head,graphene zephyr ul,2021,125,goccia,,340,principiante/intermedio,grafene,comfort foam,liscia,,
head-flash-pro,/wiki/racchette/head/,/wiki/racchette/head/flash-pro/,/images/wiki/racchette/,head-flash-pro.jpg,Head Flash Pro,Head,Flash Pro,head,flash pro,2021,140,ibrida,,,principiante,fibra di vetro,gommapiuma,liscia,,
nox-nerbo-2021-wpt,/wiki/racchette/nox/,/wiki/racchette/nox/nerbo-2021-wpt/,/images/wiki/racchette/,nox-nerbo-2021-wpt.jpg,Nox Nerbo 2021 Wpt,Nox,Nerbo 2021 Wpt,nox,nerbo 2021 wpt,2021,330,diamante,,360-375,avanzato,carbonio 18k,EVA Black,ruvida,,
nox-tempo-2021-wpt,/wiki/racchette/nox/,/wiki/racchette/nox/tempo-2021-wpt/,/images/wiki/racchette/,nox-tempo-2021-wpt.jpg,Nox Tempo 2021 Wpt,Nox,Tempo 2021 Wpt,nox,tempo 2021 wpt,2021,330,goccia,,360-375,avanzato,carbonio 12k,EVA black,ruvida,,
nox-nexo-wpt-2021-wpt,/wiki/racchette/nox/,/wiki/racchette/nox/nexo-wpt-2021-wpt/,/images/wiki/racchette/,nox-nexo-wpt-2021-wpt.jpg,Nox Nexo Wpt 2021 Wpt,Nox,Nexo Wpt 2021 Wpt,nox,nexo wpt 2021 wpt,2021,330,rotonda,,360-375,avanzato,carbonio 12k,EVA black,ruvida,,
nox-emotion-wpt-2020,/wiki/racchette/nox/,/wiki/racchette/nox/emotion-wpt-2020/,/images/wiki/racchette/,nox-emotion-wpt-2020.jpg,Nox Emotion Wpt 2020,Nox,Emotion Wpt 2020,nox,emotion wpt 2020,2021,175,rotonda oversize,,360-375,avanzato,carbonio 3k,HR3,ruvida,,
nox-attraction-wpt-2020,/wiki/racchette/nox/,/wiki/racchette/nox/attraction-wpt-2020/,/images/wiki/racchette/,nox-attraction-wpt-2020.jpg,Nox Attraction Wpt 2020,Nox,Attraction Wpt 2020,nox,attraction wpt 2020,2021,175,diamante,,360-375,avanzato,carbonio 3k,HR3,ruvida,,
nox-equation-wpt-2020,/wiki/racchette/nox/,/wiki/racchette/nox/equation-wpt-2020/,/images/wiki/racchette/,nox-equation-wpt-2020.jpg,Nox Equation Wpt 2020,Nox,Equation Wpt 2020,nox,equation wpt 2020,2021,175,rotonda,,360-375,avanzato,carbonio 3k,HR3,ruvida,,
nox-equation-lady-wpt-2021,/wiki/racchette/nox/,/wiki/racchette/nox/equation-lady-wpt-2021/,/images/wiki/racchette/,nox-equation-lady-wpt-2021.jpg,Nox Equation Lady Wpt 2021,Nox,Equation Lady Wpt 2021,nox,equation lady wpt 2021,2021,175,rotonda,,360-375,avanzato,carbonio 3k,HR3,ruvida,,
nox-at10-genius-luxury-series,/wiki/racchette/nox/,/wiki/racchette/nox/at10-genius-luxury-series/,/images/wiki/racchette/,nox-at10-genius-luxury-series.jpg,Nox At10 Genius Luxury Series,Nox,At10 Genius Luxury Series,nox,AT10 genius luxury series,2021,288,goccia,,360-375,avanzato,carbonio 12k,HR3,ruvida,,
nox-at10-genius-arena-luxury-series,/wiki/racchette/nox/,/wiki/racchette/nox/at10-genius-arena-luxury-series/,/images/wiki/racchette/,nox-at10-genius-arena-luxury-series.jpg,Nox At10 Genius Arena Luxury Series,Nox,At10 Genius Arena Luxury Series,nox,AT10 genius arena luxury series,2021,288,goccia,,360-375,avanzato,carbonio 12k,HR3,ruvida,,
nox-ml10-shotgun-luxury-series,/wiki/racchette/nox/,/wiki/racchette/nox/ml10-shotgun-luxury-series/,/images/wiki/racchette/,nox-ml10-shotgun-luxury-series.jpg,Nox Ml10 Shotgun Luxury Series,Nox,Ml10 Shotgun Luxury Series,nox,ML10 shotgun luxury series,2021,288,goccia,,360-375,avanzato,carbonio 12k,HR3,ruvida,,
nox-ml10-bahia-luxury-series,/wiki/racchette/nox/,/wiki/racchette/nox/ml10-bahia-luxury-series/,/images/wiki/racchette/,nox-ml10-bahia-luxury-series.jpg,Nox Ml10 Bahia Luxury Series,Nox,Ml10 Bahia Luxury Series,nox,ML10 bahia luxury series,2021,288,goccia,,360-375,avanzato,carbonio 12k,HR3,ruvida,,
nox-ml10-perto-luxury-series,/wiki/racchette/nox/,/wiki/racchette/nox/ml10-perto-luxury-series/,/images/wiki/racchette/,nox-ml10-perto-luxury-series.jpg,Nox Ml10 Perto Luxury Series,Nox,Ml10 Perto Luxury Series,nox,ML10 perto luxury series,2021,288,rotonda,,360-375,avanzato,carbonio 12k,HR3,ruvida,,
nox-ml10-by-majo-sánchez-alayeto,/wiki/racchette/nox/,/wiki/racchette/nox/ml10-by-majo-sánchez-alayeto/,/images/wiki/racchette/,nox-ml10-by-majo-sánchez-alayeto.jpg,Nox Ml10 By Majo Sánchez Alayeto,Nox,Ml10 By Majo Sánchez Alayeto,nox,ML10 by majo sánchez alayeto,2021,288,diamante,,360-375,avanzato,carbonio 12k,EVA Black,ruvida,,
nox-ml10-by-mapi-sánchez-alayeto,/wiki/racchette/nox/,/wiki/racchette/nox/ml10-by-mapi-sánchez-alayeto/,/images/wiki/racchette/,nox-ml10-by-mapi-sánchez-alayeto.jpg,Nox Ml10 By Mapi Sánchez Alayeto,Nox,Ml10 By Mapi Sánchez Alayeto,nox,ML10 by mapi sánchez alayeto,2021,288,rotonda,,350-375,avanzato,carbonio 3k,HR3,ruvida,,
nox-titanium-carbon-3k,/wiki/racchette/nox/,/wiki/racchette/nox/titanium-carbon-3k/,/images/wiki/racchette/,nox-titanium-carbon-3k.jpg,Nox Titanium Carbon 3K,Nox,Titanium Carbon 3K,nox,titanium carbon 3k,2021,288,diamante,,360-375,avanzato,carbonio 3k,HR3,ruvida,,
nox-titanium-carbon-18k,/wiki/racchette/nox/,/wiki/racchette/nox/titanium-carbon-18k/,/images/wiki/racchette/,nox-titanium-carbon-18k.jpg,Nox Titanium Carbon 18K,Nox,Titanium Carbon 18K,nox,titanium carbon 18k,2021,288,diamante,,360-375,avanzato,carbonio 18k,HR3,liscia,,
nox-ml10-pro-cup-balck-edition-arena,/wiki/racchette/nox/,/wiki/racchette/nox/ml10-pro-cup-balck-edition-arena/,/images/wiki/racchette/,nox-ml10-pro-cup-balck-edition-arena.jpg,Nox Ml10 Pro Cup Balck Edition Arena,Nox,Ml10 Pro Cup Balck Edition Arena,nox,ML10 pro cup balck edition arena,2021,220,rotonda,,360-375,intermedio/avanzato,fibra di vetro,HR3,ruvida,,
nox-ml10-pro-cup,/wiki/racchette/nox/,/wiki/racchette/nox/ml10-pro-cup/,/images/wiki/racchette/,nox-ml10-pro-cup.jpg,Nox Ml10 Pro Cup,Nox,Ml10 Pro Cup,nox,ML10 pro cup  ,2021,220,rotonda,,360-375,intermedio/avanzato,fibra di vetro,HR3,liscia,,
nox-ml10-pro-cup-black-edition,/wiki/racchette/nox/,/wiki/racchette/nox/ml10-pro-cup-black-edition/,/images/wiki/racchette/,nox-ml10-pro-cup-black-edition.jpg,Nox Ml10 Pro Cup Black Edition,Nox,Ml10 Pro Cup Black Edition,nox,ML10 pro cup black edition,2021,220,rotonda,,360-375,intermedio/avanzato,fibra di vetro,HR3,liscia,,
nox-ml10-pro-cup-silver,/wiki/racchette/nox/,/wiki/racchette/nox/ml10-pro-cup-silver/,/images/wiki/racchette/,nox-ml10-pro-cup-silver.jpg,Nox Ml10 Pro Cup Silver,Nox,Ml10 Pro Cup Silver,nox,ML10 pro cup silver,2021,220,rotonda,,350-365,intermedio/avanzato,carbonio 3k,HR3,liscia,,
nox-ml10-pro-cup-survivor,/wiki/racchette/nox/,/wiki/racchette/nox/ml10-pro-cup-survivor/,/images/wiki/racchette/,nox-ml10-pro-cup-survivor.jpg,Nox Ml10 Pro Cup Survivor,Nox,Ml10 Pro Cup Survivor,nox,ML10 pro cup survivor ,2021,220,rotonda,,360-375,intermedio/avanzato,fibra di vetro,HR3,liscia,,
nox-ml10-pro-cup-survivor-grey,/wiki/racchette/nox/,/wiki/racchette/nox/ml10-pro-cup-survivor-grey/,/images/wiki/racchette/,nox-ml10-pro-cup-survivor-grey.jpg,Nox Ml10 Pro Cup Survivor Grey,Nox,Ml10 Pro Cup Survivor Grey,nox,ML10 pro cup survivor grey,2021,220,rotonda,,360-375,intermedio/avanzato,carbonio 3k,HR3,liscia,,
prince-falcon,/wiki/racchette/prince/,/wiki/racchette/prince/falcon/,/images/wiki/racchette/,prince-falcon.jpg,Prince Falcon,Prince,Falcon,prince,falcon,2021,290,diamante,medio/alto,355-370,avanzato,carbonio 24k,Black EVA,ruvida,,
prince-jet,/wiki/racchette/prince/,/wiki/racchette/prince/jet/,/images/wiki/racchette/,prince-jet.jpg,Prince Jet,Prince,Jet,prince,jet,2021,280,diamante,alto,365-375,avanzato,carbonio ,black EVA,ruvida,,
prince-mach,/wiki/racchette/prince/,/wiki/racchette/prince/mach/,/images/wiki/racchette/,prince-mach.jpg,Prince Mach,Prince,Mach,prince,mach,2021,260,diamante,medio,360-370,avanzato,carbonio,EVA super soft,ruvida,,
prince-phantom-v2,/wiki/racchette/prince/,/wiki/racchette/prince/phantom-v2/,/images/wiki/racchette/,prince-phantom-v2.jpg,Prince Phantom V2,Prince,Phantom V2,prince,phantom v2,2021,260,rotonda,medio,360-370,avanzato,carbonio,,ruvida,,
prince-premier-v2,/wiki/racchette/prince/,/wiki/racchette/prince/premier-v2/,/images/wiki/racchette/,prince-premier-v2.jpg,Prince Premier V2,Prince,Premier V2,prince,premier v2,2021,250,rotonda,,365-375,avanzato,carbonio,,ruvida,,
prince-tour-di-legend,/wiki/racchette/prince/,/wiki/racchette/prince/tour-di-legend/,/images/wiki/racchette/,prince-tour-di-legend.jpg,Prince Tour Di Legend,Prince,Tour Di Legend,prince,tour di legend,2021,230,ruvida,,365-375,intermedio/avanzato,carbonio,,ruvida,,
prince-quartz,/wiki/racchette/prince/,/wiki/racchette/prince/quartz/,/images/wiki/racchette/,prince-quartz.jpg,Prince Quartz,Prince,Quartz,prince,quartz,2021,210,rotonda,medio/alto,350-360,intermedio/avanzato,carbonio,EVA super soft,ruvida,,
prince-rocket,/wiki/racchette/prince/,/wiki/racchette/prince/rocket/,/images/wiki/racchette/,prince-rocket.jpg,Prince Rocket,Prince,Rocket,prince,rocket,2021,180,goccia,,335-350,intermedio/avanzato,carbonio,EVA balance,ruvida,,
prince-armor,/wiki/racchette/prince/,/wiki/racchette/prince/armor/,/images/wiki/racchette/,prince-armor.jpg,Prince Armor,Prince,Armor,prince,armor,2021,190,diamante,medio/alto,350-360,intermedio/avanzato,carbonio,EVA super soft,ruvida,,
prince-harrier,/wiki/racchette/prince/,/wiki/racchette/prince/harrier/,/images/wiki/racchette/,prince-harrier.jpg,Prince Harrier,Prince,Harrier,prince,harrier,2021,120,goccia,medio,350-365,principiante/intermedio,carbonio,,liscia,,
prince-raptor,/wiki/racchette/prince/,/wiki/racchette/prince/raptor/,/images/wiki/racchette/,prince-raptor.jpg,Prince Raptor,Prince,Raptor,prince,raptor,2021,120,rotonda,medio,360-375,principiante/intermedio,carbonio,,liscia,,
prince-princess-ultralight,/wiki/racchette/prince/,/wiki/racchette/prince/princess-ultralight/,/images/wiki/racchette/,prince-princess-ultralight.jpg,Prince Princess Ultralight,Prince,Princess Ultralight,prince,princess ultralight,2021,65,rotonda,,300-330,junior,,,liscia,,
prince-tour-ultralight,/wiki/racchette/prince/,/wiki/racchette/prince/tour-ultralight/,/images/wiki/racchette/,prince-tour-ultralight.jpg,Prince Tour Ultralight,Prince,Tour Ultralight,prince,tour ultralight,2021,65,rotonda,,300-330,junior,,,liscia,,
starvie-metheora,/wiki/racchette/starvie/,/wiki/racchette/starvie/metheora/,/images/wiki/racchette/,starvie-metheora.jpg,Starvie Metheora,Starvie,Metheora,starvie,metheora,2021,365,rotonda,alto,350-385,avanzato,carbonio,EVA soft,ruvida,,
starvie-triton-pro,/wiki/racchette/starvie/,/wiki/racchette/starvie/triton-pro/,/images/wiki/racchette/,starvie-triton-pro.jpg,Starvie Triton Pro,Starvie,Triton Pro,starvie,triton pro,2021,310,goccia,alto,350-385,avanzato,carbonio,EVA soft pro,ruvida,,
starvie-triton,/wiki/racchette/starvie/,/wiki/racchette/starvie/triton/,/images/wiki/racchette/,starvie-triton.jpg,Starvie Triton,Starvie,Triton,starvie,triton,2021,310,goccia,alto,350-385,avanzato,carbonio,EVA soft,ruvida,,
starvie-raptor,/wiki/racchette/starvie/,/wiki/racchette/starvie/raptor/,/images/wiki/racchette/,starvie-raptor.jpg,Starvie Raptor,Starvie,Raptor,starvie,raptor,2021,300,rotonda,,350-385,avanzato,carbonio,EVA soft,ruvida,,
starvie-basalto-osiris,/wiki/racchette/starvie/,/wiki/racchette/starvie/basalto-osiris/,/images/wiki/racchette/,starvie-basalto-osiris.jpg,Starvie Basalto Osiris,Starvie,Basalto Osiris,starvie,basalto osiris,2021,275,goccia,alto,350-385,avanzato,carbonio,EVA soft,ruvida,,
starvie-dronos-galaxy,/wiki/racchette/starvie/,/wiki/racchette/starvie/dronos-galaxy/,/images/wiki/racchette/,starvie-dronos-galaxy.jpg,Starvie Dronos Galaxy,Starvie,Dronos Galaxy,starvie,dronos galaxy,2021,250,goccia,alto,350-385,avanzato,carbonio,EVA soft densa,ruvida,,
starvie-kraken-pro,/wiki/racchette/starvie/,/wiki/racchette/starvie/kraken-pro/,/images/wiki/racchette/,starvie-kraken-pro.jpg,Starvie Kraken Pro,Starvie,Kraken Pro,starvie,kraken pro,2021,220,goccia,alto,350-385,intermedio/avanzato,carbonio,EVA,liscia,,
starvie-kraken,/wiki/racchette/starvie/,/wiki/racchette/starvie/kraken/,/images/wiki/racchette/,starvie-kraken.jpg,Starvie Kraken,Starvie,Kraken,starvie,kraken,2021,220,goccia,alto,350-385,intermedio/avanzato,carbonio,EVA soft,liscia,,
starvie-aquila-space-pro,/wiki/racchette/starvie/,/wiki/racchette/starvie/aquila-space-pro/,/images/wiki/racchette/,starvie-aquila-space-pro.jpg,Starvie Aquila Space Pro,Starvie,Aquila Space Pro,starvie,aquila space pro,2021,205,goccia,alto,350-385,intermedio/avanzato,carbonio,EVA,ruvida,,
starvie-aquila-space,/wiki/racchette/starvie/,/wiki/racchette/starvie/aquila-space/,/images/wiki/racchette/,starvie-aquila-space.jpg,Starvie Aquila Space,Starvie,Aquila Space,starvie,aquila space,2021,205,goccia,alto,350-385,intermedio/avanzato,carbonio,EVA soft,ruvida,,
starvie-titania-kepler-pro,/wiki/racchette/starvie/,/wiki/racchette/starvie/titania-kepler-pro/,/images/wiki/racchette/,starvie-titania-kepler-pro.jpg,Starvie Titania Kepler Pro,Starvie,Titania Kepler Pro,starvie,titania kepler pro,2021,190,rotonda,medio,350-385,intermedio,carbonio,EVA,liscia,,
starvie-titania-kepler,/wiki/racchette/starvie/,/wiki/racchette/starvie/titania-kepler/,/images/wiki/racchette/,starvie-titania-kepler.jpg,Starvie Titania Kepler,Starvie,Titania Kepler,starvie,titania kepler,2021,190,rotonda,medio,350-385,intermedio,carbonio,EVA soft,liscia,,
vibor-a-king-cobra-black-1k,/wiki/racchette/vibor-a/,/wiki/racchette/vibor-a/king-cobra-black-1k/,/images/wiki/racchette/,vibor-a-king-cobra-black-1k.jpg,Vibor-A King Cobra Black 1K,Vibor-A,King Cobra Black 1K,vibor-a,king cobra black 1k,2021,435,diamante,,360-370,avanzato,carbonio 6k,EVA black soft,ruvida,,
vibor-a-king-cobra,/wiki/racchette/vibor-a/,/wiki/racchette/vibor-a/king-cobra/,/images/wiki/racchette/,vibor-a-king-cobra.jpg,Vibor-A King Cobra,Vibor-A,King Cobra,vibor-a,king cobra ,2019,420,diamante,,360-370,avanzato,carbonio+,EVA black soft,ruvida,,
vibor-a-diva,/wiki/racchette/vibor-a/,/wiki/racchette/vibor-a/diva/,/images/wiki/racchette/,vibor-a-diva.jpg,Vibor-A Diva,Vibor-A,Diva,vibor-a,diva,2021,400,rotonda,,360-370,avanzato,carbonio 6k,EVA black soft,liscia,,
vibor-a-yarara-edition-black-series-1k,/wiki/racchette/vibor-a/,/wiki/racchette/vibor-a/yarara-edition-black-series-1k/,/images/wiki/racchette/,vibor-a-yarara-edition-black-series-1k.jpg,Vibor-A Yarara Edition Black Series 1K,Vibor-A,Yarara Edition Black Series 1K,vibor-a,yarara edition black series 1k,2021,375,goccia invertita,medio/alto,360-370,avanzato,carbonio 6k,EVA black soft,ruvida,,
vibor-a-yarara-edition,/wiki/racchette/vibor-a/,/wiki/racchette/vibor-a/yarara-edition/,/images/wiki/racchette/,vibor-a-yarara-edition.jpg,Vibor-A Yarara Edition,Vibor-A,Yarara Edition,vibor-a,yarara edition,2019,360,goccia invertita,medio/alto,360-370,avanzato,carbonio+,EVA black soft,ruvida,,
vibor-a-mamba-black-series-1k,/wiki/racchette/vibor-a/,/wiki/racchette/vibor-a/mamba-black-series-1k/,/images/wiki/racchette/,vibor-a-mamba-black-series-1k.jpg,Vibor-A Mamba Black Series 1K,Vibor-A,Mamba Black Series 1K,vibor-a,mamba black series 1k ,2021,345,goccia invertita,medio/basso,360-370,avanzato,carbonio 6k,EVA ultra soft,liscia,,
vibor-a-lethal-attack,/wiki/racchette/vibor-a/,/wiki/racchette/vibor-a/lethal-attack/,/images/wiki/racchette/,vibor-a-lethal-attack.jpg,Vibor-A Lethal Attack,Vibor-A,Lethal Attack,vibor-a,lethal attack ,2021,340,goccia invertita,medio/alto,360-370,intermedio/avanzato,carbonio 6k,EVA black soft,liscia,,
vibor-a-lethal-hybrid,/wiki/racchette/vibor-a/,/wiki/racchette/vibor-a/lethal-hybrid/,/images/wiki/racchette/,vibor-a-lethal-hybrid.jpg,Vibor-A Lethal Hybrid,Vibor-A,Lethal Hybrid,vibor-a,lethal hybrid,2021,340,goccia invertita,medio/basso,360-370,intermedio/avanzato,carbonio 6k,EVA black ultra soft,liscia,,
vibor-a-copper,/wiki/racchette/vibor-a/,/wiki/racchette/vibor-a/copper/,/images/wiki/racchette/,vibor-a-copper.jpg,Vibor-A Copper,Vibor-A,Copper,vibor-a,copper,2019,330,goccia invertita,alto,360-370,intermedio/avanzato,carbonio+,EVA black soft,ruvida,,
wilson-bela-pro,/wiki/racchette/wilson/,/wiki/racchette/wilson/bela-pro/,/images/wiki/racchette/,wilson-bela-pro.jpg,Wilson Bela Pro,Wilson,Bela Pro,wilson,bela pro,2021,350,diamante,medio/alto,370,avanzato ,carbonio,EVA soft,ruvida,,
babolat-technical-veron-2021,/wiki/racchette/babolat/,/wiki/racchette/babolat/technical-veron-2021/,/images/wiki/racchette/,babolat-technical-veron-2021.jpg,Babolat Technical Veron 2021,Babolat,Technical Veron 2021,babolat,technical veron 2021,2021,220,,,,,,,,,
babolat-air-veron-2021,/wiki/racchette/babolat/,/wiki/racchette/babolat/air-veron-2021/,/images/wiki/racchette/,babolat-air-veron-2021.jpg,Babolat Air Veron 2021,Babolat,Air Veron 2021,babolat,air veron 2021,2021,220,,,,,,,,,
babolat-counter-veron-2021,/wiki/racchette/babolat/,/wiki/racchette/babolat/counter-veron-2021/,/images/wiki/racchette/,babolat-counter-veron-2021.jpg,Babolat Counter Veron 2021,Babolat,Counter Veron 2021,babolat,counter veron 2021,2021,220,,,,,,,,,
black-crown-grizzly,/wiki/racchette/black-crown/,/wiki/racchette/black-crown/grizzly/,/images/wiki/racchette/,black-crown-grizzly.jpg,Black Crown Grizzly,Black Crown,Grizzly,black crown,grizzly,2021,160,,,,,,,,,
black-crown-grizzly-control,/wiki/racchette/black-crown/,/wiki/racchette/black-crown/grizzly-control/,/images/wiki/racchette/,black-crown-grizzly-control.jpg,Black Crown Grizzly Control,Black Crown,Grizzly Control,black crown,grizzly control ,2021,,,,,,,,,,
black-crown-piton-8.0,/wiki/racchette/black-crown/,/wiki/racchette/black-crown/piton-8.0/,/images/wiki/racchette/,black-crown-piton-8.0.jpg,Black Crown Piton 8.0,Black Crown,Piton 8.0,black crown,piton 8.0,2021,250,rotonda ,medio,355-370,avanzato ,carbonio 3k,EVA soft,,,
wilson-bela-elite,/wiki/racchette/wilson/,/wiki/racchette/wilson/bela-elite/,/images/wiki/racchette/,wilson-bela-elite.jpg,Wilson Bela Elite,Wilson,Bela Elite,wilson,bela elite,2021,295,diamante,,360,avanzato ,carbonio,EVA soft,ruvida,,
wilson-bela-team,/wiki/racchette/wilson/,/wiki/racchette/wilson/bela-team/,/images/wiki/racchette/,wilson-bela-team.jpg,Wilson Bela Team,Wilson,Bela Team,wilson,bela team,2021,195,diamante,,360,intermedio/avanzato,fibra di vetro,EVA ,ruvida,,